site,title,abstract,status,primary_area,keywords,rating,presentation,confidence,soundness,contribution,pdf_link,score_top_overall,llm_category,llm_confidence,llm_reasoning,local_top_overall
https://openreview.net/forum?id=N4BB09TXad,JanusCoder: Towards a Foundational Visual-Programmatic Interface for Code Intelligence,"The scope of neural code intelligence is rapidly expanding beyond text-based source code to encompass the rich visual outputs that programs generate. This visual dimension is critical for advanced applications like flexible content generation and precise, program-driven editing of visualizations. However, progress has been impeded by the scarcity of high-quality multimodal code data, a bottleneck stemming from challenges in synthesis and quality assessment. To address these challenges, we make contributions from both a data and modeling perspective. We first introduce a complete synthesis toolkit that leverages reciprocal synergies between data modalities to efficiently produce a large-scale, high-quality corpus spanning from standard charts to complex interactive web UIs and code-driven animations. Leveraging this toolkit, we construct JanusCode-800K, the largest multimodal code corpus to date. This powers the training of our models, JanusCoder and JanusCoderV, which establish a visual-programmatic interface for generating code from textual instructions, visual inputs, or a combination of both. Our unified model is a departure from existing approaches that build specialized models for isolated tasks. Extensive experiments on both text-centric and vision-centric coding tasks demonstrate the superior performance of the JanusCoder series, with our 7B to 14B scale models approaching or even exceeding the performance of commercial models. Furthermore, extensive analysis provides key insights into harmonizing programmatic logic with its visual expression. Our code, benchmark, and checkpoints will be made publicly available.",Poster,"applications to computer vision, audio, language, and other modalities","Multimodal LLM, Data Synthesis, Code Generation, Data Visualization","6, 6, 8","3, 3, 4","4, 5, 5","3, 3, 4","3, 3, 4",https://openreview.net/pdf?id=N4BB09TXad,1.6553315365776546,SWE Agents,high,"The primary contribution is a model and dataset for multimodal code generation, which falls under the domain of AI writing and understanding code. This aligns best with the SWE Agents category as it is the only option specifically covering software engineering and code intelligence tasks.",2.075679213854131
https://openreview.net/forum?id=M4RKeHIAxw,CoDA: Agentic Systems for Collaborative Data Visualization,"Automating data visualization from natural language is crucial for data science, yet current systems struggle with complex datasets containing multiple files and iterative refinement. Existing approaches, including simple single- or multi-agent systems, often oversimplify the task, focusing on initial query parsing while failing to robustly manage data complexity, code errors, or final visualization quality. In
this paper, we reframe this challenge as a collaborative multi-agent problem. We introduce CoDA, a multi-agent system that employs specialized LLM agents for metadata analysis, task planning, code generation, and iterative reflection. We formalize this pipeline, demonstrating how metadata-focused analysis bypasses token limits and quality-driven refinement ensures robustness. Extensive evaluations show CoDA achieves substantial gains in the overall score, outperforming competitive baselines by up to 41.5%. This work demonstrates that the future of visualization automation lies not in isolated code generation but in integrated, collaborative agentic workflows.",Poster,"foundation or frontier models, including LLMs","LLM, multi-agent system, visualization","6, 8, 8","4, 4, 3","3, 4, 4","3, 4, 3","3, 3, 3",https://openreview.net/pdf?id=M4RKeHIAxw,1.5863577460180576,SWE Agents,high,The paper presents a multi-agent system specifically designed for code generation and error refinement to automate data visualization tasks. This aligns with the SWE Agents category as the core contribution involves agentic workflows that write and debug code.,1.676572292566908
https://openreview.net/forum?id=tYppHuGhxJ,Kimi-Dev: Agentless Training as Skill Prior for SWE-agents,"Large Language Models (LLMs) are increasingly applied to software engineering (SWE), with SWE-bench as a key benchmark. Solutions are split into SWE-Agent frameworks with multi-turn interactions and workflow-based Agentless methods with single-turn verifiable steps. We argue these paradigms are not mutually exclusive: reasoning-intensive Agentless training induces skill priors, including localization, code edit, and self-reflection that enable efficient and effective SWE-Agent adaptation. In this work, we first curate the Agentless training recipe and present Kimi-Dev, an open-source SWE LLM achieving 60.4\% on SWE-bench Verified, the best among workflow approaches. With additional SFT adaptation on 5k publicly-available trajectories, Kimi-Dev powers SWE-Agents to 48.6\% pass@1, on par with that of Claude 3.5 Sonnet (241022 version). These results show that structured skill priors from Agentless training can bridge workflow and agentic frameworks for transferable coding agents.",Poster,"foundation or frontier models, including LLMs","coder LLM, Agentless, SWE-Agent, Reinforcement Learning","6, 6, 8, 8","3, 3, 3, 3","4, 4, 5, 4","3, 3, 3, 3","2, 2, 4, 3",https://openreview.net/pdf?id=tYppHuGhxJ,1.0388453494678211,SWE Agents,high,The core contribution is improving software engineering agents via a specific training prior evaluated on SWE-bench. This falls squarely under the SWE Agents category focused on coding agents and repository-level code generation.,1.2312176410047408
https://openreview.net/forum?id=SAl337ZX5d,RefineStat: Efficient Exploration for Probabilistic Program Synthesis,"Probabilistic programming offers a powerful framework for modeling uncertainty, yet statistical model discovery in this domain entails navigating an immense search space under strict domain‐specific constraints. When small language models are tasked with generating probabilistic programs, they frequently produce outputs that suffer from both syntactic, and semantic errors, such as flawed inference constructs. Motivated by probabilistic programmers’ domain expertise and debugging strategies, we introduce RefineStat, a language model–driven framework that enforces semantic constraints ensuring synthesized programs contain valid distributions, well‐formed parameters, and then applies diagnostic‐aware refinement by resampling prior or likelihood components whenever reliability checks fail. We evaluate RefineStat on multiple probabilistic-programming code-generation tasks using smaller language models (SLMs) and find that it produces programs that are both syntactically sound and statistically reliable, often matching or surpassing those from closed-source large language models (e.g., OpenAI o3).",Oral,"probabilistic methods (Bayesian methods, variational inference, sampling, UQ, etc.)","Probabilistic Programming, Constrained Generation","4, 6, 8, 8","3, 3, 3, 4","4, 3, 5, 3","3, 3, 3, 3","3, 3, 3, 3",https://openreview.net/pdf?id=SAl337ZX5d,0.8433200287023901,SWE Agents,high,The paper introduces a framework for automating the synthesis and refinement of probabilistic code using language models. This aligns with SWE Agents as it focuses on agentic code generation and debugging capabilities.,1.1290508168377242
https://openreview.net/forum?id=mfIbSouoaZ,Reinforcement Learning for Machine Learning Engineering Agents,"Machine learning engineering (MLE) has a clear objective: Given an MLE task and a verifier (e.g., performance on some held-out data), what is the most effective way to utilize compute to achieve the best performance for the given task? Existing language model (LM) agents rely on prompting frontier LMs and accumulating experience non-parametrically by storing and retrieving experience through agent scaffolds and test-time compute. In this paper, we show that in environments such as MLE where a good verifier is available, adapting the LM parameters through gradient updates can be more effective in utilizing compute and agent’s experience. Specifically, we show that agents backed by weaker models that improve via reinforcement learning (RL) can eventually outperform agents backed by much larger, but static models for a given MLE task. We identify two major challenges with RL in this setting. First, actions can take a variable amount of time (e.g., executing code for different solutions), which leads to asynchronous policy gradient updates that favor faster but suboptimal solutions. We propose duration-aware gradient updates in a distributed asynchronous RL framework to amplify high-cost but high-reward actions. Second, using performance on the held-out data as a reward for MLE provides limited feedback. A program that’s nearly correct is treated the same as one that fails entirely (e.g., during data loading). We propose environment instrumentation to offer verifiable partial credit, using a separate, static language model to insert print statement to an existing program. Our experiments suggest that a small LM (Qwen2.5-3B) adapted with RL, when given enough compute, can solve an MLE task better than prompting a frontier model (Claude-3.5-Sonnet) with the state-of-the-art agent scaffold (AIDE) by an average of 22% across 12 Kaggle tasks.",Poster,reinforcement learning,"Machine learning engineering, language model agents, reinforcement learning","6, 6, 6, 8","3, 3, 3, 4","3, 3, 4, 3","3, 3, 3, 3","3, 3, 2, 4",https://openreview.net/pdf?id=mfIbSouoaZ,0.920213717575725,SWE Agents,high,"The paper focuses on training agents to automate machine learning engineering tasks, which inherently involves writing and debugging code for Kaggle competitions. This aligns with the SWE Agents category as it pertains to agentic coding and research agents that write software.",1.062238832238823
https://openreview.net/forum?id=T0EiEuhOOL,"Huxley-G\""odel Machine: Human-Level Coding Agent Development by an Approximation of the Optimal Self-Improving Machine","Recent studies operationalize self-improvement through coding agents that edit their own codebases, grow a tree of self-modifications through expansion strategies that favor higher software engineering benchmark performance, 
considering that this implies more promising subsequent self-modifications. However, we identify a mismatch between the agent’s self-improvement potential (metaproductivity) and its coding benchmark performance, namely the \emph{Metaproductivity-Performance~Mismatch}. Inspired by Huxley’s concept of clade, we propose a metric ($\mathrm{CMP}$) that aggregates the benchmark performances of the \emph{descendants} of an agent as an indicator of its potential for self-improvement. We show that the G\""odel Machine, the optimal self-improving machine, is achieved with access to true $\mathrm{CMP}$. We introduce the Huxley-G\""odel Machine (HGM), which, by estimating $\mathrm{CMP}$ and using it as guidance, searches the tree of self-modifications. On SWE-bench Verified and Polyglot, HGM outperforms prior self-improving coding agent search methods while using less wall-clock time. Moreover, the agent optimized by HGM on SWE-bench Verified outperforms SWE-agent, a leading human-engineered open source coding agent on SWE-bench Lite, where SWE-agent ranks the best on the official leaderboard, when both use the GPT-5-mini backbone, demonstrating that HGM self-improvement indeed enhances genuine coding capability.",Oral,"transfer learning, meta learning, and lifelong learning","Self-Improvement, Coding Agents, G\""odel Machine","4, 6, 6, 8","3, 3, 3, 4","3, 4, 4, 2","2, 3, 3, 3","3, 3, 3, 4",https://openreview.net/pdf?id=T0EiEuhOOL,0.6005804922233235,SWE Agents,high,The paper focuses on developing self-improving coding agents and evaluates them on software engineering benchmarks like SWE-bench. This aligns directly with the SWE Agents category covering research agents that write or debug code.,1.0252471226197082
https://openreview.net/forum?id=OnkRqbNhe3,SWERank: Software Issue Localization with Code Ranking,"Software issue localization, the task of identifying the precise code locations (files, classes, or functions) relevant to a natural language issue description (e.g., bug report, feature request), is a critical yet time-consuming aspect of software development. While recent LLM-based agentic approaches demonstrate promise, they often incur significant latency and cost due to complex multi-step reasoning and relying on closed-source LLMs. Alternatively, traditional code ranking models, typically optimized for query-to-code or code-to-code retrieval, struggle with the verbose and failure-descriptive nature of issue localization queries. To bridge this gap, we introduce SWERank, an efficient and effective retrieve-and-rerank framework for software issue localization. To facilitate training, we construct SWELoc, a large-scale dataset curated from public GitHub repositories, featuring real-world issue descriptions paired with corresponding code modifications. Empirical results on SWE-Bench-Lite and LocBench show that SWERank achieves state-of-the-art performance, outperforming both prior ranking models and costly agent-based systems using closed-source LLMs like Claude-3.5. Further, we demonstrate SWELoc's utility in enhancing various existing retriever and reranker models for issue localization, establishing the dataset as a valuable resource for the community.",Poster,"unsupervised, self-supervised, semi-supervised, and supervised representation learning","Software Issue Localization, Automated Code Repair, Retrieve-and-Rerank","4, 4, 6, 8","3, 3, 3, 4","4, 4, 3, 5","3, 3, 3, 3","2, 3, 3, 4",https://openreview.net/pdf?id=OnkRqbNhe3,0.42717204959850064,SWE Agents,high,"The paper addresses software issue localization, a core task in automated software engineering and debugging workflows associated with SWE agents. Despite using a retrieval framework, the domain and benchmarks (SWE-Bench) align directly with the software engineering automation focus of this category.",0.7203694430859251
https://openreview.net/forum?id=Cug26Y0RlT,AI-for-Science Low-code Platform with Bayesian Adversarial Multi-Agent Framework,"Large Language Models (LLMs) demonstrate potentials for automating scientific code generation but face challenges in reliability, error propagation in multi-agent workflows, and evaluation in domains with ill-defined success metrics. We present a Bayesian adversarial multi-agent framework specifically designed for AI for Science (AI4S) tasks in the form of a Low-code Platform (LCP). Three LLM-based agents are coordinated under the Bayesian framework: a Task Manager that structures user inputs into actionable plans and adaptive test cases, a Code Generator that produces candidate solutions, and an Evaluator providing comprehensive feedback. The framework employs an adversarial loop where the Task Manager iteratively refines test cases to challenge the Code Generator, while prompt distributions are dynamically updated using Bayesian principles by integrating code quality metrics: functional correctness, structural alignment, and static analysis. This co-optimization of tests and code reduces dependence on LLM reliability and addresses evaluation uncertainty inherent to scientific tasks. LCP also streamlines human-AI collaboration by translating non-expert prompts into domain-specific requirements, bypassing the need for manual prompt engineering by practitioners without coding backgrounds. Benchmark evaluations demonstrate LCP’s effectiveness in generating robust code while minimizing error propagation. The proposed platform is also tested on an Earth Science cross-disciplinary task and demonstrates strong reliability, outperforming competing models.",Poster,"probabilistic methods (Bayesian methods, variational inference, sampling, UQ, etc.)","Multi-agent framework, Bayesian inference, LLM, AI-for-Science","4, 6, 6","3, 2, 1","4, 4, 4","3, 3, 3","3, 3, 3",https://openreview.net/pdf?id=Cug26Y0RlT,0.472382683816319,SWE Agents,high,"The paper introduces a multi-agent framework focused on automating code generation and debugging workflows, which aligns directly with the definition of research agents that write code. Although applied to scientific tasks, the core contribution is in agentic coding rather than biological or medical domains.",0.7043918176553906
https://openreview.net/forum?id=qJsShqQgWw,Algorithm Generation via Creative Ideation,"Designing system algorithms remains challenging, where the discontinuous nature of the solution space often forces system engineers to rely on generic heuristics at the expense of performance. We study whether LLMs can practically drive algorithm generation, and find that they are biased towards well-known generic designs, rather than making the creative leaps needed to navigate the discontinuous solution space. To address this limitation, we introduce MetaMuse, a framework for creative ideation built on three self-reflection principles: (1) quantifying solution diversity and usefulness in measurable performance space, rather than abstract idea space, (2) steering ideation through external stimuli, rather than internal randomness, and (3) constructing executable solutions using waypoint reasoning, rather than free-form chain-of-thought. Extensive evaluation shows that MetaMuse can generate high-performing solutions for two critical problems at a global cloud provider: cache replacement (reducing cache misses by up to 35.76%) and online bin packing (reducing bin usage by up to 30.93%).",Poster,"other topics in machine learning (i.e., none of the above)","system algorithm design, creativity, ideation, self-reflection","4, 4, 6, 8","3, 3, 3, 3","4, 4, 4, 3","2, 3, 3, 4","3, 2, 3, 4",https://openreview.net/pdf?id=qJsShqQgWw,0.3996472802050697,SWE Agents,high,The paper introduces an agentic framework specifically designed to generate executable algorithmic code for system optimization tasks. This aligns with the SWE Agents category focusing on research agents that write or debug code.,0.6517677149671284
https://openreview.net/forum?id=jSQPqdoidy,SK2Decompile: LLM-based Two-Phase Binary Decompilation from Skeleton to Skin,"Large Language Models (LLMs) have emerged as a promising approach for binary decompilation. However, the existing LLM-based decompilers still are somewhat limited in effectively presenting a program's source-level structure with its original identifiers.
To mitigate this, we introduce SK2Decompile, a novel two-phase approach to decompile from the skeleton (semantic structure) to the skin (identifier) of programs. Specifically, we first apply a Structure Recovery model to translate a program's binary code to an Intermediate Representation (IR) as deriving the program's ""skeleton"", i.e., preserving control flow and data structures while obfuscating all identifiers with generic placeholders. We also apply reinforcement learning to reward the model for producing program structures that adhere to the syntactic and semantic rules expected by compilers. Second, we apply an Identifier Naming model to produce meaningful identifiers which reflect actual program semantics as deriving the program's ""skin"". We train the Identifier Naming model with a separate reinforcement learning objective that rewards the semantic similarity between its predictions and the reference code. Such a two-phase decompilation process facilitates advancing the correctness and readability of decompilation independently.
Our evaluations indicate that SK2Decompile, significantly outperforms the SOTA baselines, achieving 21.6% average re-executability rate gain over GPT-5-mini on the HumanEval dataset and 29.4% average R2I improvement over Idioms on the GitHub2025 benchmark.",Poster,"other topics in machine learning (i.e., none of the above)","decompilation, binary analysis","4, 6, 6, 8","3, 3, 2, 3","5, 4, 3, 4","3, 3, 2, 3","2, 3, 3, 3",https://openreview.net/pdf?id=jSQPqdoidy,0.3011699824274871,SWE Agents,high,"The paper focuses on automated code recovery and decompilation using LLMs, which is a core software engineering task involving code generation. This aligns with the SWE Agents category as the designated domain for AI-driven software engineering and code generation research.",0.5667191918874495
https://openreview.net/forum?id=4zoMnmZzh4,VisCoder2: Building Multi-Language Visualization Coding Agents,"Large language models (LLMs) have recently enabled coding agents capable of generating, executing, and revising visualization code. However, existing models often fail in practical workflows due to limited language coverage, unreliable execution, and lack of iterative correction mechanisms. Progress has been constrained by narrow datasets and benchmarks that emphasize single-round generation and single-language tasks. To address these challenges, we introduce three complementary resources for advancing visualization coding agents. **VisCode-Multi-679K** is a large-scale, supervised dataset containing 679K validated and executable visualization samples with multi-turn correction dialogues across 12 programming languages. **VisPlotBench** is a benchmark for systematic evaluation, featuring executable tasks, rendered outputs, and protocols for both initial generation and multi-round self-debug. Finally, we present **VisCoder2**, a family of multi-language visualization models trained on VisCode-Multi-679K. Experiments show that VisCoder2 significantly outperforms strong open-source baselines and approaches the performance of proprietary models like GPT-4.1, with further gains from iterative self-debug, reaching **82.4%** overall execution pass rate at the 32B scale, particularly in symbolic or compiler-dependent languages.",Poster,generative models,"Code Models, Visualization, Fine-tuning","2, 4, 8, 8","3, 3, 1, 4","4, 4, 4, 3","2, 3, 3, 2","2, 3, 3, 4",https://openreview.net/pdf?id=4zoMnmZzh4,-0.15184983374749766,SWE Agents,high,"The paper introduces VisCoder2, a model specifically designed for coding agents that generate and debug visualization code across multiple languages. This aligns directly with the SWE Agents category covering research agents that write or debug code.",0.4046486652311012
https://openreview.net/forum?id=O6stE173BD,Discovering Hierarchical Software Engineering Agents via Bandit Optimization,"Large language models (LLMs) are increasingly applied to software engineering (SWE), but they struggle on real-world tasks that are long-horizon and often out of distribution. Current systems typically adopt monolithic designs where a single model attempts to interpret ambiguous issues, navigate large codebases, and implement fixes in one extended reasoning chain. This design makes it difficult to generalize beyond training data. Inspired by how human engineers decompose problems into sub-tasks, we argue that SWE agents should be structured as orchestrators coordinating specialized sub-agents, each responsible for a specific sub-task such as bug reproduction, fault localization, code modification, or validation. The central challenge is how to design these hierarchies effectively. Manual decompositions follow human workflows but often mismatch LLM capabilities, while automated search methods such as evolutionary strategies require evaluating a very large number of candidates, making them prohibitively expensive for SWE. We show that formulating hierarchy discovery as a multi-armed bandit problem enables efficient exploration of sub-agent designs under limited budgets. On SWE-bench-Verified, this approach outperforms single-agent systems and manually designed multi-agent systems. On SWE-bench-Live, which features recent and out-of-distribution issues, our system ranks 2nd on the leaderboard with a 36B model, surpassing larger systems such as GPT-4 and Claude. This provides the first evidence that hierarchical multi-agent systems improves generalization on challenging long-horizon SWE tasks.",Poster,"other topics in machine learning (i.e., none of the above)","Multi-armed bandit, Model selection, Software engineering","4, 6, 6, 8","3, 2, 4, 3","2, 4, 3, 4","3, 2, 3, 3","3, 2, 3, 3",https://openreview.net/pdf?id=O6stE173BD,0.21859567424719414,SWE Agents,high,"The paper explicitly focuses on designing hierarchical agent architectures for software engineering tasks, evaluated on standard SWE benchmarks. This aligns directly with the category definition covering software engineering agents and agentic coding.",0.3609140075310594
https://openreview.net/forum?id=nWaZTH1JMx,STARK: Strategic Team of Agents for Refining Kernels,"The efficiency of GPU kernels is central to the progress of modern AI, yet optimizing them remains a difficult and labor-intensive task due to complex interactions between memory hierarchies, thread scheduling, and hardware-specific characteristics. While recent advances in large language models (LLMs) provide new opportunities for automated code generation, existing approaches largely treat LLMs as single-shot generators or naive refinement tools, limiting their effectiveness in navigating the irregular kernel optimization landscape. We introduce an LLM agentic framework for GPU kernel optimization that systematically explores the design space through multi-agent collaboration, grounded instruction, dynamic context management, and strategic search. This framework mimics the workflow of expert engineers, enabling LLMs to reason about hardware trade-offs, incorporate profiling feedback, and refine kernels iteratively. We evaluate our approach on KernelBench, a benchmark for LLM-based kernel optimization, and demonstrate substantial improvements over baseline agents: our system produces correct solutions where baselines often fail, and achieves kernels with up to 16$\times$ faster runtime performance. These results highlight the potential of agentic LLM frameworks to advance fully automated, scalable GPU kernel optimization.",Poster,"infrastructure, software libraries, hardware, systems, etc.","large language model, agent, kernel optimization, efficiency","4, 6, 6, 6","3, 3, 4, 3","3, 3, 4, 3","3, 3, 4, 3","2, 3, 3, 3",https://openreview.net/pdf?id=nWaZTH1JMx,0.4830455033890943,SWE Agents,high,"The paper introduces a multi-agent framework for automated code generation and refinement, which aligns with the SWE Agents category. Although the target is GPU kernels, the primary novelty lies in the agentic methodology rather than specific kernel architecture.",0.33460160432044384
https://openreview.net/forum?id=3DcaUTjdKc,Paper2Code: Automating Code Generation from Scientific Papers in Machine Learning,"Despite the rapid growth of machine learning research, corresponding code implementations are often unavailable, making it slow and labor-intensive for researchers to reproduce results and build upon prior work. In the meantime, recent Large Language Models (LLMs) excel at understanding scientific documents and generating high-quality code. Inspired by this, we introduce PaperCoder, a multi-agent LLM framework that transforms machine learning papers into operational code repositories. PaperCoder operates in three stages: planning, where it constructs a high-level roadmap, designs the system architecture with diagrams, identifies file dependencies, and generates configuration files; analysis, which focuses on interpreting implementation-specific details; and generation, where modular, dependency-aware code is produced. Moreover, each phase is instantiated through a set of specialized agents designed to collaborate effectively across the pipeline. We then evaluate PaperCoder on generating code implementations from machine learning papers based on both model-based and human evaluations, particularly from the authors of those papers, with author-released repositories as ground truth if available. Our results demonstrate the effectiveness of PaperCoder in creating high-quality, faithful implementations. Furthermore, it consistently shows strengths in the recently released PaperBench benchmark, surpassing strong baselines by substantial margins.",Poster,"applications to computer vision, audio, language, and other modalities","Natural Language Processing, Code","0, 6, 8, 8","1, 3, 4, 4","4, 3, 3, 4","1, 3, 3, 3","2, 3, 3, 4",https://openreview.net/pdf?id=3DcaUTjdKc,-0.29272524751892454,SWE Agents,high,The paper introduces a multi-agent framework specifically designed to generate operational code repositories from scientific documents. This directly aligns with the SWE Agents category focusing on repository-level code generation and agentic coding.,0.27557457479061065
https://openreview.net/forum?id=CaXZB6bI31,Figma2Code: Automating Multimodal Design to Code in the Wild,"Front-end development constitutes a substantial portion of software engineering, yet converting design mockups into production-ready *User Interface* (UI) code remains tedious and time-costly.  
While recent work has explored automating this process with *Multimodal Large Language Models* (MLLMs), existing approaches typically rely solely on design images. As a result, they must infer complex UI details from images alone, often leading to degraded results.  
In real-world development workflows, however, design mockups are usually delivered as Figma files—a widely used tool for front-end design—that embed rich multimodal information (e.g., metadata and assets) essential for generating high-quality UI.  
To bridge this gap, we introduce Figma2Code, a new task that generalizes *design-to-code* into a multimodal setting and aims to automate *design-to-code*  in the wild.  
Specifically, we collect paired design images and their corresponding metadata files from the Figma community. We then apply a series of processing operations, including rule-based filtering, human and MLLM-based annotation and screening, and metadata refinement. This process yields 3,055 samples, from which designers curate a balanced dataset of 213 high-quality cases.  
Using this dataset, we benchmark ten state-of-the-art open-source and proprietary MLLMs. Our results show that while proprietary models achieve superior visual fidelity, they remain limited in layout responsiveness and code maintainability.  
Further experiments across modalities and ablation studies corroborate this limitation, partly due to models’ tendency to directly map primitive visual attributes from Figma metadata.",Poster,"applications to computer vision, audio, language, and other modalities","Code Generation, Desigin to Code","4, 6, 6, 6","3, 3, 3, 4","4, 2, 4, 3","3, 2, 3, 3","2, 2, 3, 4",https://openreview.net/pdf?id=CaXZB6bI31,0.08805161679158552,SWE Agents,high,"The paper focuses on automating front-end code generation from design files using AI models, which is a core software engineering task. This aligns with the SWE Agents category encompassing code generation and software engineering automation.",0.17097674132736174
https://openreview.net/forum?id=HGaUV3jjvo,A Problem-Oriented Perspective and Anchor Verification for Code Optimization,"Large Language Models (LLMs) have shown remarkable capabilities in solving various programming tasks, such as code generation. However, their potential for code optimization, particularly in performance enhancement, remains largely unexplored. This paper investigates the capabilities of LLMs in optimizing code for minimal execution time, addressing a critical gap in current research. The recently proposed code optimization methods constructs program optimization pairs based on iterative submissions from the same programmer for the same problem. However, this approach confines LLMs to local performance improvements, neglecting global algorithmic innovation. To overcome this limitation, we adopt a completely different perspective by reconstructing the optimization pairs into a problem-oriented approach. This allows for the integration of various ideas from multiple programmers tackling the same problem. Furthermore, we observe that code optimization presents greater challenges compared to code generation, often accompanied by ""optimization tax"". Recognizing the inherent trade-offs in correctness and efficiency, we introduce a novel anchor verification framework to mitigate this ""optimization tax."" Ultimately, the problem oriented perspective combined with anchor verification framework significantly enhances both the correct optimization ratio and speedup to new levels.",Poster,"applications to computer vision, audio, language, and other modalities","LLM4Code, Code Optimization","4, 6, 6, 6","3, 3, 3, 4","3, 3, 4, 4","2, 3, 3, 2","2, 3, 3, 3",https://openreview.net/pdf?id=HGaUV3jjvo,-0.08192055711373793,SWE Agents,high,"The paper focuses on using LLMs for code optimization, which is a core software engineering task involving writing and debugging code. This aligns best with the SWE Agents category as it covers AI-driven software development methodologies.",0.1577660379496174
https://openreview.net/forum?id=fE14yWa68Z,WebGen-Agent: Enhancing Interactive Website Generation with Multi-Level Feedback and Step-Level Reinforcement Learning,"Agent systems powered by large language models (LLMs) have demonstrated impressive performance on repository-level code-generation tasks. However, for tasks such as website codebase generation, which depend heavily on visual effects and user-interaction feedback, current code agents rely only on simple code execution for feedback and verification. This approach fails to capture the actual quality of the generated code. In this paper, we propose WebGen-Agent, a novel website-generation agent that leverages comprehensive and multi-level visual feedback to iteratively generate and refine the website codebase. Detailed and expressive text descriptions and suggestions regarding the screenshots and GUI-agent testing of the websites are generated by a visual language model (VLM), together with scores that quantify their quality. The screenshot and GUI-agent scores are further integrated with a backtracking and select-best mechanism, enhancing the performance of the agent. Utilizing the accurate visual scores inherent in the WebGen-Agent workflow, we further introduce Step-GRPO with Screenshot and GUI-Agent Feedback to improve the ability of LLMs to act as the agent-engine model. By using the screenshot and GUI-agent scores at each step as the reward in Step-GRPO, we provide a dense and reliable process supervision signal, which effectively improves the model's website-generation ability. On the WebGen-Bench dataset, WebGen-Agent increases the accuracy of Claude 3.5 Sonnet from 26.4\% to 51.9\% and its appearance score from 3.0 to 3.9, outperforming the previous state-of-the-art agent system. Additionally, our training approach increases the accuracy of Qwen2.5-Coder-7B-Instruct from 38.9\% to 45.4\% and raises the appearance score from 3.4 to 3.7.",Poster,"foundation or frontier models, including LLMs","code agent, website generation, large language model","4, 4, 4, 6","3, 3, 2, 3","4, 3, 3, 3","3, 3, 3, 3","3, 2, 4, 3",https://openreview.net/pdf?id=fE14yWa68Z,0.0328682205810843,SWE Agents,high,The paper introduces an agent framework specifically for generating and refining website codebases using visual feedback and reinforcement learning. This aligns directly with the category of software engineering agents performing repository-level code generation.,0.10767262849763147
https://openreview.net/forum?id=J91IKwJrqv,QLCoder: A Query Synthesizer For Static Analysis of Security Vulnerabilities,"CodeQL is a powerful static analysis engine that represents programs’ abstract syntax trees as databases that can be queried to detect security vulnerabilities. While CodeQL supports expressive interprocedural dataflow queries, the coverage and precision of its existing security queries remain limited, and writing new queries is challenging even for experts. Automatically synthesizing CodeQL queries from known vulnerabilities (CVEs) can provide fine-grained vulnerability signatures, enabling both improved detection and systematic variant analysis. We present QLCoder, an agentic framework for synthesizing CodeQL queries from known CVE descriptions. QLCoder leverages the Model Context Protocol (MCP) for agentic tool use, integrates abstract syntax tree guidance, and incorporates CodeQL’s language infrastructure and documentation into the synthesis loop. A key challenge is that state-of-the-art large language models hallucinate deprecated CodeQL syntax due to limited training data and outdated knowledge. QLCoder addresses this by combining contextual engineering, iterative query feedback, and structured tool interaction to reliably generate executable, up-to-date queries.",Poster,"neurosymbolic & hybrid AI systems (physics-informed, logic & formal reasoning, etc.)","Static Analysis, Program Synthesis, Vulnerability Detection","2, 6, 6, 6, 8","3, 4, 3, 3, 4","4, 3, 4, 3, 4","3, 3, 3, 3, 3","2, 3, 3, 2, 3",https://openreview.net/pdf?id=J91IKwJrqv,0.07173838324485214,SWE Agents,high,"The paper introduces an agentic framework specifically designed to synthesize and debug CodeQL queries, which constitutes automated code generation. This aligns directly with the SWE Agents category definition of research agents that write or debug code, despite the security application domain.",0.10010104893108217
https://openreview.net/forum?id=mjDT60Ffms,Agnostics: Learning to Synthesize Code in Any Programming Language with a Universal Reinforcement Learning Environment,"Large language models (LLMs) already excel at writing code in high-resource languages such as Python and JavaScript, yet stumble on low-resource languages that remain essential to science and engineering. Besides the obvious shortage of pre-training data, post-training itself is a bottleneck: every new language seems to require new datasets, test harnesses, and reinforcement learning (RL) infrastructure.

We introduce Agnostics, a language-agnostic post-training pipeline that eliminates this per-language engineering. The key idea is to judge code solely by its externally observable behavior, so a single verifier can test solutions written in any language. Concretely, we (i) use an LLM to rewrite existing unit-test datasets into an I/O format, (ii) supply a short configuration that tells the verifier how to compile and run a target language, and (iii) apply reinforcement learning with verifiable rewards (RLVR) in a robust code execution environment.

Applied to five low-resource languages—Lua, Julia, R, OCaml, and Fortran—Agnostics (1) improves Qwen-3 4B to performance that rivals other 16B–70B open-weight models; (2) scales cleanly to larger and diverse model families (Qwen-3 8B, DeepSeek Coder 6.7B Instruct, SmolLM3, Phi 4 Mini); and (3) for open-weight models with ≤16B parameters, sets new state-of-the-art pass@1 results on MultiPL-E and a new multi-language version of LiveCodeBench that we introduce.

We will release the language-agnostic training datasets (Ag-MBPP-X, Ag-Codeforces-X, Ag-LiveCodeBench-X), training code, and ready-to-use configurations, making RL post-training in any programming language as simple as editing a short YAML file.",Poster,"neurosymbolic & hybrid AI systems (physics-informed, logic & formal reasoning, etc.)","large language models, program synthesis, code generation, reinforcement learning, low-resource programming languages","4, 4, 8","3, 3, 3","3, 4, 4","3, 3, 3","2, 3, 3",https://openreview.net/pdf?id=mjDT60Ffms,0.024016083107205204,SWE Agents,high,"The paper focuses on improving AI code synthesis capabilities across multiple programming languages using a specialized reinforcement learning pipeline. This aligns with the SWE Agents category as it directly targets automated code generation and verification, which are core software engineering tasks.",0.08626936082294956
https://openreview.net/forum?id=P479BoN8BD,CoMind: Towards Community-Driven Agents for Machine Learning Engineering,"Large language model (LLM) agents show promise in automating machine learning (ML) engineering. However, existing agents typically operate in isolation on a given research problem, without engaging with the broader research community, where human researchers often gain insights and contribute by sharing knowledge. To bridge this gap, we introduce MLE-Live, a live evaluation framework designed to assess an agent's ability to communicate with and leverage collective knowledge from a simulated Kaggle research community. Building on this framework, we propose CoMind, an multi-agent system designed to actively integrate external knowledge. 
CoMind employs an iterative parallel exploration mechanism, developing multiple solutions simultaneously to balance exploratory breadth with implementation depth. 
On 75 past Kaggle competitions within our MLE-Live framework, CoMind achieves a 36% medal rate, establishing a new state of the art. Critically, when deployed in eight live, ongoing competitions, CoMind outperforms 92.6% of human competitors on average, placing in the top 5% on three official leaderboards and the top 1\% on one.",Poster,"applications to computer vision, audio, language, and other modalities",LLM Agent,"2, 6, 6, 6","2, 2, 4, 2","4, 3, 4, 4","3, 2, 4, 3","3, 2, 3, 3",https://openreview.net/pdf?id=P479BoN8BD,-0.025461502879085957,SWE Agents,high,"The paper introduces a multi-agent system for automating machine learning engineering, which fundamentally involves writing and optimizing code for data science competitions. This aligns with the SWE Agents category as it focuses on agentic coding and research agents that write or debug code.",0.07440824893537965
https://openreview.net/forum?id=9N4Ps9Psfr,Programming with Pixels: Can Computer-Use Agents do Software Engineering?,"Computer-use agents (CUAs) hold the promise of performing a wide variety of general tasks, but current evaluations have primarily focused on simple scenarios. 
It therefore remains unclear whether such generalist agents can automate more sophisticated and specialized work such as software engineering (SWE). 
To investigate this, we introduce Programming with Pixels (PwP), the first comprehensive computer-use environment for software engineering, where agents visually control an IDE to perform diverse software engineering tasks. 
To enable holistic evaluation, we also introduce PwP-Bench, a benchmark of 15 existing and new software-engineering tasks spanning multiple modalities, programming languages, and skillsets. 
We perform an extensive evaluation of state-of-the-art open-weight and closed-weight CUAs and find that when interacting purely visually, they perform significantly worse than specialized coding agents. 
However, when the same CUAs are given direct access to just two APIs—file editing and bash operations—performance jumps, often reaching the levels of specialized agents despite having a task-agnostic design. 
Furthermore, when given access to additional IDE tools via text APIs, all models show further gains. 
Our analysis shows that current CUAs fall short mainly due to limited visual grounding and the inability to take full advantage of the rich environment, leaving clear room for future improvements.
PwP establishes software engineering as a natural domain for benchmarking whether generalist computer-use agents can reach specialist-level performance on sophisticated tasks.",Poster,"foundation or frontier models, including LLMs","computer-use agents, evaluation, benchmark, code-generation, multimodal","2, 4, 6, 6, 6, 8","3, 2, 4, 3, 3, 3","3, 3, 3, 3, 4, 4","2, 2, 3, 2, 3, 3","2, 3, 3, 3, 3, 3",https://openreview.net/pdf?id=9N4Ps9Psfr,-0.28034922335616824,SWE Agents,high,The study evaluates agents performing software engineering tasks within an IDE environment and compares them to specialized coding agents. This aligns with the category covering software engineering agents and agentic coding.,0.052619898701021975
https://openreview.net/forum?id=Q87kwGI6bx,AesCoder: Code Aesthetics with Agentic Reward Feedback,"Large Language Models (LLMs) have become valuable assistants for developers in code-related tasks. While LLMs excel at traditional programming tasks such as code generation and bug fixing, they struggle with visually-oriented coding tasks, often producing suboptimal aesthetics. In this paper, we introduce a new pipeline to enhance the aesthetic quality of LLM-generated code. We first construct AesCode-358K, a large-scale instruction-tuning dataset focused on code aesthetics. Next, we propose agentic reward feedback, a multi-agent system that evaluates executability, static aesthetics, and interactive aesthetics. Building on this, we develop GRPO-AR, which integrates these signals into the GRPO algorithm for joint optimization of functionality and code aesthetics. Finally, we develop OpenDesign, a benchmark for assessing code aesthetics. Experimental results show that combining supervised fine-tuning on AesCode-358K with reinforcement learning using agentic reward feedback significantly improves performance on OpenDesign and enhances results on existing benchmarks such as PandasPlotBench. Notably, our AesCoder-4B surpasses GPT-4o and GPT-4.1, and achieves performance comparable to large open-source models with 480B–685B parameters, underscoring the effectiveness of our approach. We will release both the code and datasets to facilitate further research in code aesthetics.",Poster,reinforcement learning,"Large Language Model, Code Aesthetics, Reinforcement Learning","4, 4, 6, 6","2, 2, 3, 3","3, 3, 4, 3","3, 3, 3, 3","3, 3, 3, 2",https://openreview.net/pdf?id=Q87kwGI6bx,0.04140077489945646,SWE Agents,high,"The paper focuses on improving code generation using a multi-agent feedback system, which aligns with the agentic coding and software engineering focus of the category.",0.0022445247883624703
https://openreview.net/forum?id=VAQq3Y8tIF,RPG: A Repository Planning Graph for Unified and Scalable Codebase Generation,"Large language models excel at generating individual functions or single files of code, yet generating complete repositories from scratch remains a fundamental challenge. This capability is key to building coherent software systems from high-level specifications and realizing the full potential of automated code generation. The process requires planning at two levels: deciding what features and modules to build (proposal stage) and defining their implementation details (implementation stage). Current approaches rely on natural language planning, which often produces unclear specifications, misaligned components, and brittle designs due to its inherent ambiguity and lack of structure. To address these limitations, we introduce the Repository Planning Graph (RPG), a structured representation that encodes capabilities, file structures, data flows, and functions in a unified graph. By replacing free-form natural language with an explicit blueprint, RPG enables consistent long-horizon planning for repository generation. Building on RPG, we develop ZeroRepo, a graph-driven framework that operates in three stages: proposal-level planning, implementation-level construction, and graph-guided code generation with test validation To evaluate, we construct RepoCraft, a benchmark of six real-world projects with 1,052 tasks. On RepoCraft, ZeroRepo produces nearly 36K Code Lines and 445K Code Tokens, on average 3.9× larger than the strongest baseline (Claude Code), and 68× larger than others. It also achieves 81.5% coverage and 69.7% test accuracy, improving over Claude Code by 27.3 and 35.8 points. Further analysis shows that RPG models complex dependencies, enables more sophisticated planning through near-linear scaling, and improves agent understanding of repositories, thus accelerating localization. Our data and code are available at https://github.com/microsoft/RPG-ZeroRepo.",Poster,"other topics in machine learning (i.e., none of the above)","planning, repository generation, agent, code generation","4, 6, 6, 6","2, 3, 3, 3","4, 5, 3, 3","2, 3, 3, 3","2, 3, 2, 3",https://openreview.net/pdf?id=VAQq3Y8tIF,-0.047891253409617196,SWE Agents,high,The paper introduces a framework for repository-level code generation and automated software system construction using a structured planning graph. This aligns directly with the SWE Agents category definition which explicitly includes repository-level code generation and coding agents.,-0.02398635997936932
https://openreview.net/forum?id=pUpzQZTvGY,Darwin Gödel Machine: Open-Ended Evolution of Self-Improving Agents,"Most of today's AI systems are constrained by human-designed, fixed architectures and cannot autonomously and continuously improve themselves. The scientific method, on the other hand, is a cumulative and open-ended system, where each innovation builds upon previous artifacts, enabling future discoveries. There is growing hope that the current manual process of advancing AI could itself be automated. If done safely, such automation would accelerate AI development and allow us to reap its benefits much sooner. This prospect raises the question of how AI systems can endlessly improve themselves while getting better at solving relevant problems. Meta-learning can automate the discovery of novel algorithms, but is limited by first-order improvements and the human design of a suitable search space. The Gödel machine proposed a theoretical alternative: a self-improving AI that repeatedly modifies itself in a provably beneficial manner. Unfortunately, proving that most changes are net beneficial is impossible in practice. We introduce the Darwin Gödel Machine (DGM), a novel self-improving system that iteratively modifies its own code (thereby also improving its ability to modify its own codebase) and empirically validates each change using coding benchmarks. Inspired by Darwinian evolution and open-endedness research, the DGM grows an archive of generated coding agents. It samples agents from this archive, which self-modify to create new, interesting versions of themselves. This open-ended exploration forms a growing tree of diverse, high-quality agents and allows the parallel exploration of many different paths through the search space. Empirically, the DGM automatically improves its coding capabilities (e.g., better code editing tools, long-context window management, peer-review mechanisms), increasing performance on SWE-bench from 20.0% to 50.0%, and on Polyglot from 14.2% to 30.7%. Furthermore, the DGM significantly outperforms baselines without self-improvement or open-ended exploration. All experiments were done with safety precautions (e.g., sandboxing, human oversight). Overall, the DGM represents a significant step toward self-improving AI, capable of gathering its own stepping stones along a path that unfolds into endless innovation.",Poster,"transfer learning, meta learning, and lifelong learning","Self-improving AI, Open-endedness","4, 4, 6, 8","3, 2, 3, 4","4, 3, 4, 5","3, 3, 2, 3","2, 2, 3, 3",https://openreview.net/pdf?id=pUpzQZTvGY,-0.15230971167638319,SWE Agents,high,"The paper introduces a self-improving system that iteratively modifies its own codebase and generates coding agents. Evaluation is performed on software engineering benchmarks like SWE-bench, aligning directly with agents that write or debug code.",-0.025776103499264853
https://openreview.net/forum?id=4F1py5vQXm,FHE-Coder: Secure Agentic Code Generation for Fully Homomorphic Encryption,"Fully Homomorphic Encryption (FHE) is a foundational technology for confidential computing, yet its practical adoption remains limited by the need for specialized cryptographic expertise and error-prone parameter configuration. To lower this barrier, we investigate whether Large Language Model (LLM) agents can reliably generate secure FHE code from natural-language specifications. We present FHE-CODER, a three-phase agentic framework that addresses the key failure modes of FHE code generation: semantic ambiguity, API misuse, and cryptographic insecurity. The framework integrates (1) a Prompt Formalizer that structures user intent and enforces secure parameterization, (2) a specialized retrieval-augmented generation (RAG) module that supplies scheme-specific API and documentation knowledge, and (3) an automated Security Verifier that performs iterative validation and feedback to detect and correct cryptographic flaws. We evaluate FHE-CODER across four leading LLMs on a benchmark of ten FHE programming tasks spanning increasing functional and security complexity. While baseline agents frequently produce code that compiles and passes functional tests, they often violate security constraints or misuse cryptographic parameters. In contrast, FHE-CODER consistently generates solutions that are compilable, functionally correct, and verifiably secure across schemes including TFHE and CKKS. Our work establishes a systematic methodology and benchmark for agentic FHE code generation, providing a practical step toward democratizing secure computation without compromising cryptographic guarantees.",Poster,"alignment, fairness, safety, privacy, and societal considerations","Large Language Models, Agents, Code generation, Fully Homomorphic Encryption, Retrieval Augmented Generation","4, 6, 6","3, 3, 3","4, 3, 3","2, 3, 3","2, 3, 3",https://openreview.net/pdf?id=4F1py5vQXm,-0.11900250428192269,SWE Agents,high,"The paper presents an agentic framework specifically for code generation and verification, which aligns directly with the SWE Agents category. Despite the cryptographic domain, the core contribution is automating software engineering tasks via AI agents.",-0.030518109382554795
https://openreview.net/forum?id=YuxgSGFaqb,SWINGARENA: Adversarial Programming Arena for Long-context GitHub Issue Solving,"We present \textsc{SwingArena}, a adversarial evaluation framework for Large Language Models (LLMs) that closely mirrors real-world software development workflows. Unlike traditional static benchmarks, \textsc{SwingArena} models the collaborative process of software iteration by pairing LLMs as \textit{submitters}, who generate patches, and \textit{reviewers}, who create test cases and verify the patches through continuous integration (CI) pipelines. To support these interactive evaluations, we introduce a retrieval-augmented code generation (RACG) module that efficiently handles long-context challenges by providing syntactically and semantically relevant code snippets from large codebases, supporting multiple programming languages (C++, Python, Rust, and Go). This enables the framework to scale across diverse tasks and contexts while respecting token limitations. Our experiments, using over 400 high-quality real-world GitHub issues selected from a pool of 2,300 issues, show that models like GPT-4o excel at aggressive patch generation, whereas DeepSeek and Gemini prioritize correctness in CI validation. \textsc{SwingArena} presents a scalable and extensible methodology for evaluating LLMs in realistic, CI-driven software development settings. The complete codebase and benchmark are submitted in https://anonymous.4open.science/r/Swing-Bench and will be open-sourced after the anonymity period.",Oral,"applications to computer vision, audio, language, and other modalities","Arena, Real-World GitHub Issues, Adversarial Programming, Retrieval-Augmented Generation, Continuous Integration, Code Benchmark","4, 6, 6, 8","2, 2, 3, 4","4, 4, 3, 3","2, 2, 2, 3","2, 2, 3, 3",https://openreview.net/pdf?id=YuxgSGFaqb,-0.3398658519449484,SWE Agents,high,The paper presents a framework for LLM agents to solve GitHub issues through patch generation and CI-driven review. This aligns with SWE Agents as it focuses on agentic coding and repository-level software engineering tasks.,-0.06627568488755045
https://openreview.net/forum?id=8yjWLJy2eX,Improving Code Localization with Repository Memory,"Code localization is a fundamental challenge in repository-level software engineering tasks such as bug fixing. While existing methods equip language agents with comprehensive tools/interfaces to fetch information from the repository, they overlook the critical aspect of *memory*, where each instance is typically handled from scratch assuming no prior repository knowledge. In contrast, human developers naturally build long-term repository memory, such as the functionality of key modules and associations between various bug types and their likely fix locations. In this work, we augment language agents with such memory by leveraging a repository's *commit history* - a rich yet underutilized resource that chronicles the codebase's evolution. We introduce tools that allow the agent to retrieve from a non-parametric memory encompassing recent historical commits and linked issues, as well as functionality summaries of actively evolving parts of the codebase identified via commit patterns. We demonstrate that augmenting such a memory can significantly improve LocAgent, a state-of-the-art localization framework, on both SWE-bench-verified and the more recent SWE-bench-live benchmarks. Our research contributes towards developing agents that can accumulate and leverage past experience for long-horizon tasks, more closely emulating the expertise of human developers.",Poster,"foundation or frontier models, including LLMs","Code Localization, Large Language Models, Agent Memory","4, 4, 6, 8","3, 3, 2, 4","3, 3, 4, 5","2, 2, 3, 3","2, 2, 3, 3",https://openreview.net/pdf?id=8yjWLJy2eX,-0.3773314243685686,SWE Agents,high,The paper focuses on enhancing AI agents for repository-level software engineering tasks like bug fixing and code localization. It explicitly targets SWE-bench benchmarks and aims to emulate human developer expertise within a coding context.,-0.17619026311460256
https://openreview.net/forum?id=HIUqeO9OOr,Rethinking Code Similarity for Automated Algorithm Design with LLMs,"The recent advancement of Large Language Models (LLMs) has revolutionized the algorithm design patterns. A new paradigm, LLM-based Automated Algorithm Design (LLM-AAD), has emerged to generate code implementations for high-quality algorithms. Unlike the traditional expert-driven algorithm development, in the LLM-AAD paradigm, ideas behind the algorithm are often implicitly embedded within the generated code. Therefore, measuring similarity for algorithms may help identify whether a generated algorithm is innovative or merely a syntactic refinement of an existing code implementation. However, directly applying existing code similarity metrics to algorithms raises a critical limitation: they do not necessarily reflect the similarity between algorithms. 

To address this, we introduce a novel perspective that defines algorithm similarity through the lens of its problem-solving behavior. We represent the problem-solving trajectory of an algorithm as the sequence of intermediate solutions progressively generated by the algorithm. The behavioral similarity is calculated by the resemblance between two problem-solving trajectories. Our approach focuses on how an algorithm solves a problem, not just its code implementation or final output. We demonstrate the utility of our similarity measure in two use cases. (i) Improving LLM-AAD: Integrating our similarity measure into a search method demonstrates promising results across two AAD tasks, proving the effectiveness of maintaining behavioral diversity in the algorithm search. (ii) Algorithm analysis. Our similarity metric provides a new perspective for analyzing algorithms, revealing distinctions in their problem-solving behaviors.",Poster,"other topics in machine learning (i.e., none of the above)","Algorithm Similarity, Automated Algorithm Design, Large Language Model","2, 6, 6, 6","2, 2, 2, 4","2, 3, 3, 3","2, 3, 3, 3","2, 3, 3, 3",https://openreview.net/pdf?id=HIUqeO9OOr,-0.33305752375156433,SWE Agents,high,"The paper addresses Automated Algorithm Design using LLMs, which fundamentally involves generating and evaluating code implementations. This falls under SWE Agents as it focuses on methodologies for autonomous code generation and improvement.",-0.28181109503634816
https://openreview.net/forum?id=q56ZI1Co43,ReVeal: Self-Evolving Code Agents via Reliable Self-Verification,"Reinforcement learning with verifiable rewards (RLVR) has advanced the reasoning capabilities of large language models. Howerer, existing methods rely solely on outcome rewards, without explicitly optimizing verification or leveraging reliable signals from realistic environments, leading to unreliable self-verification and limited test-time scaling. To address this, we widen the verification–generation asymmetry by explicitly optimizing self-verification, making it a reliable driver of deeper test-time scaling. We introduce ReVeal, a multi-turn Reinforcement learning framework that evolves code generation through self-Verification and tool-based evaluation. ReVeal structures long-horizon reasoning as iterative generation–verification turns and incorporates TAPO for turn-level credit assignment, fostering the co-evolution of code and test generation. At inference, this strengthened self-verification enables the model to use self-constructed tests and tool feedback to continuously evolve code for 20+ turns on LiveCodeBench despite training on only three. It also significantly improves Pass@k, indicating stronger exploration that expands the reasoning boundaries of the base model. These findings highlight the promise of ReVeal as a scalable paradigm for RL training and test-time scaling, paving the way for more robust and autonomous AI agents.",Poster,"foundation or frontier models, including LLMs","Large Language Model, Reinforcement Learning, Code LLM, multi-turn RL","2, 4, 6, 6","2, 3, 3, 3","4, 3, 4, 3","3, 3, 3, 2","2, 3, 3, 3",https://openreview.net/pdf?id=q56ZI1Co43,-0.46003958997250083,SWE Agents,high,"The paper focuses on developing a framework for autonomous code generation agents, which aligns directly with the SWE Agents category. While it utilizes test-time scaling techniques, the primary contribution is the agent's ability to write and refine code rather than general inference algorithms.",-0.30809610406312954
https://openreview.net/forum?id=SeO4vyAj7E,ImpossibleBench: Measuring LLMs' Propensity of Exploiting Test Cases,"The tendency to find and exploit ""shortcuts"" to complete tasks poses significant risks for reliable assessment and deployment of large language models (LLMs). For example, an LLM agent with access to unit tests may delete failing tests rather than fix the underlying bug. Such behavior undermines both the validity of benchmark results and the reliability of real-world LLM coding assistant deployments.

To quantify, study, and mitigate such behavior, we introduce ImpossibleBench, a benchmark framework that systematically measures LLM agents' propensity to exploit test cases. ImpossibleBench creates ""impossible"" variants of tasks from existing benchmarks like LiveCodeBench and SWE-bench by introducing direct conflicts between the natural-language specification and the unit tests. We measure an agent's ""cheating rate"" as its pass rate on these impossible tasks, where any pass necessarily implies a specification-violating shortcut.

As a practical framework, ImpossibleBench is not just an evaluation but a versatile tool. We demonstrate its utility for: (1) studying model behaviors, revealing more fine-grained details of cheating behaviors from simple test modification to complex operator overloading; (2) context engineering, showing how prompt, test access and feedback loop affect cheating rates; and (3) developing monitoring tools, providing a testbed with verified deceptive solutions. We hope ImpossibleBench serves as a useful framework for building more robust and reliable LLM systems.",Poster,"alignment, fairness, safety, privacy, and societal considerations","reward hacking, alignment, benchmark","2, 6, 6, 8","4, 3, 3, 3","3, 2, 4, 3","2, 3, 3, 3","1, 3, 3, 3",https://openreview.net/pdf?id=SeO4vyAj7E,-0.34919616388327424,SWE Agents,high,"The paper evaluates LLM agents specifically on software engineering tasks such as debugging and unit test management using benchmarks like SWE-bench. Although it addresses reliability, the core subject matter aligns directly with the definition of research agents that write or debug code.",-0.3464839222689401
https://openreview.net/forum?id=gbxhesw4UH,Rescue: Retrieval Augmented Secure Code Generation,"Despite recent advances, Large Language Models (LLMs) still generate vulnerable code. 
Retrieval-Augmented Generation (RAG) has the potential to enhance LLMs for secure code generation by incorporating external security knowledge.  
However, the conventional RAG design struggles with the noise of raw security-related documents, and existing retrieval methods overlook the significant security semantics implicitly embedded in task descriptions.
To address these issues, we propose \textsc{Rescue}, a new RAG framework for secure code generation with two key innovations. 
First, we propose a hybrid knowledge base construction method that combines LLM-assisted cluster-then-summarize distillation with program slicing, producing both high-level security guidelines and concise, security-focused code examples. Second, we design a hierarchical multi-faceted retrieval to traverse the constructed knowledge base from top to bottom and integrates multiple security-critical facts at each hierarchical level, ensuring comprehensive and accurate retrieval. 
We evaluated \textsc{Rescue} on four benchmarks and compared it with five state-of-the-art secure code generation methods on six LLMs. The results demonstrate that \textsc{Rescue} improves the SecurePass@1 metric by an average of 4.8 points, establishing a new state-of-the-art performance for security. Furthermore, we performed in-depth analysis and ablation studies to rigorously validate the effectiveness of individual components in \textsc{Rescue}. Our code is available at \url{https://anonymous.4open.science/r/RESCUE}.",Poster,"alignment, fairness, safety, privacy, and societal considerations","secure code generation, retrieval augmented generation","2, 6, 6, 8","3, 3, 3, 3","4, 3, 4, 4","3, 2, 2, 3","2, 2, 2, 3",https://openreview.net/pdf?id=gbxhesw4UH,-0.6551112079898004,SWE Agents,high,"The paper focuses on improving code generation quality using a RAG framework, which aligns with the software engineering and code generation focus of the SWE Agents category. Although security is a safety concern, the primary task is generating software artifacts.",-0.5546577269534155
https://openreview.net/forum?id=RY47Tq0VsV,Group Verification-based Policy Optimization for Interactive Coding Agents,"Recent advancements in reinforcement learning from verifiable rewards (RLVR), particularly through Group Relative Policy Optimization (GRPO), have significantly improved the capabilities of large language models (LLMs) for interactive coding agents.
However, these methods overlook process-verifiable environment feedback (e.g., code execution failures), leading to inaccurate advantage estimation at each reasoning step and insufficient learning.
To address this issue, we propose Group Verification-based Policy Optimization (GVPO), a novel RL algorithm that introduces an advantage shaping framework integrating both outcome-verifiable and process-verifiable signals.
While outcome-verifiable rewards ensure alignment with long-term task objectives, process-verifiable feedback derived from intermediate execution traces (e.g., syntax errors, runtime exceptions) serves as corrective shaping terms at the step level.
By jointly leveraging these two forms of verifiability, GVPO achieves more accurate credit assignment, balancing short-term process guidance with long-term outcome alignment.
This unified formulation yields more stable optimization, faster convergence, and stronger generalization in complex interactive environments.
A 32B-parameter agent trained with GVPO in the AppWorld environment outperforms OpenAI’s o1 agent by 12.6\%s on the more challenging Test-C split and surpasses the strongest 32B RL-trained state-of-the-art baseline by 3.6\%.",Poster,"foundation or frontier models, including LLMs","Large language model, Tool Learning, Reinforcement Learning","4, 4, 6, 6","3, 3, 3, 2","4, 3, 4, 3","3, 3, 3, 2","2, 2, 2, 3",https://openreview.net/pdf?id=RY47Tq0VsV,-0.5105562169819964,SWE Agents,high,"Although the paper proposes a reinforcement learning algorithm, it relies specifically on code execution feedback like syntax errors and runtime exceptions. Therefore, the primary focus remains on improving software engineering agents rather than general training optimization.",-0.6752992936780308
https://openreview.net/forum?id=vqESUhcSOG,From Large to Small: Transferring CUDA Optimization Expertise via Reasoning Graph,"Despite significant evolution of CUDA programming and domain-specific libraries, effectively utilizing GPUs with massively parallel engines remains difficult. Large language models (LLMs) show strong potential in generating optimized CUDA code from sequential code. However, using LLMs in practice faces two major challenges: cloud-based APIs pose risks of code leakage, and local deployment is often computationally expensive and inefficient. These drawbacks have spurred interest in small language models (SLMs), which are more lightweight and privacy-friendly. Encouragingly, recent studies show that SLMs can achieve performance comparable to LLMs on specific tasks. While SLMs can match LLMs on domain-specific tasks, their limited reasoning abilities lead to suboptimal performance in complex CUDA generation according to our experiments.
To bridge this gap, we propose ReGraphT, a training-free, retrieval-augmented generation framework that transfers LLM-level reasoning to smaller models. ReGraphT organizes CUDA optimization trajectories into a structured reasoning graph, modeling the combined CUDA optimizations as state transitions, and leverages Monte Carlo Graph Search (MCGS) for efficient exploration.
We also present a CUDA-specific benchmark with difficulty tiers defined by reasoning complexity to evaluate models more comprehensively. Experiments show that ReGraphT outperforms HPC-specific fine-tuned models and other retrieval-augmented approaches, achieving an average 2.33× speedup on CUDAEval and ParEval. When paired with DeepSeek-Coder-V2-Lite-Instruct and Qwen2.5-Coder-7B-Instruct, ReGraphT enables SLMs to approach LLM-level performance without the associated privacy risks or excessive computing overhead.",Poster,"applications to computer vision, audio, language, and other modalities","Small Language Models, CUDA Code Generation, Reasoning Graph, MCTS","2, 6, 6, 6","3, 3, 3, 3","4, 4, 3, 3","2, 3, 3, 3","1, 2, 3, 3",https://openreview.net/pdf?id=vqESUhcSOG,-0.6324680335474008,SWE Agents,high,"The paper introduces ReGraphT, an agentic framework that enables small language models to generate optimized CUDA code through reasoning graphs and search. This fits the SWE Agents category as it focuses on agents designed to write and optimize software code.",-0.740339025768607
https://openreview.net/forum?id=xu1XwVZtDi,Kevin: Multi-Turn RL for Generating CUDA Kernels,"Writing GPU kernels is a challenging task and critical for AI systems' efficiency. It is also highly iterative: domain experts write code and improve performance through execution feedback. Moreover, it presents verifiable rewards like correctness and speedup, making it a natural environment to apply Reinforcement Learning (RL). To explicitly incorporate the iterative nature of this process into training, we develop a flexible multi-turn RL recipe that addresses unique challenges encountered in real-world settings, such as learning from long trajectories and effective reward attribution across turns. We present Kevin the Kernel Writer, the first model trained with multi-turn RL for CUDA kernel generation and optimization. In our evaluation setup, Kevin shows significant gains over its base model (QwQ-32B), improving correctness of generated kernels (in pure CUDA) from 56% to 82% and mean speedup from 0.53x to 1.10x of baseline (PyTorch Eager), and surpassing frontier models like o4-mini (0.78x). Finally, we study its behavior across test-time scaling axes: we found scaling serial refinement more beneficial than parallel sampling. In particular, when given more refinement turns, Kevin shows a higher rate of improvement.",Poster,"foundation or frontier models, including LLMs","multi-turn, RL, GPU kernel, code generation","2, 4, 6, 8","1, 2, 3, 3","4, 3, 3, 3","1, 2, 2, 3","2, 2, 3, 3",https://openreview.net/pdf?id=xu1XwVZtDi,-1.1454275410159918,SWE Agents,high,"The paper introduces an RL-based agent specifically designed to write and optimize code (CUDA kernels), aligning with the definition of coding agents. Although the target domain is infrastructure, the primary contribution is the agentic code generation method rather than the kernel implementation itself.",-0.7669913631618134
https://openreview.net/forum?id=H9wMe1G76j,SWE-RM: Execution-free Feedback for Software Engineering Agents,"Execution-based feedback like unit testing is widely used in the development of coding agents through test-time scaling (TTS) and reinforcement learning (RL). This paradigm requires scalable and reliable collection of unit test cases to provide accurate feedback, and the resulting feedback is often sparse and cannot effectively distinguish between trajectories that are both successful or both unsuccessful. In contrast, execution-free feedback from reward models can provide more fine-grained signals without depending on unit test cases. Despite this potential, execution-free feedback for realistic software engineering (SWE) agents remains underexplored. Aiming to develop versatile reward models that are effective across TTS and RL, however, we observe that two verifiers with nearly identical TTS performance can nevertheless yield very different results in RL. Intuitively, TTS primarily reflects the model’s ability to select the best trajectory, but this ability does not necessarily generalize to RL. To address this limitation, we identify two additional aspects that are crucial for RL training: classification accuracy and calibration. We then conduct comprehensive controlled experiments to investigate how to train a robust reward model that performs well across these metrics. In particular, we analyze the impact of various factors such as training data scale, policy mixtures, and data source composition.
Guided by these investigations, we introduce SWE-RM, an accurate and robust reward model adopting a mixture-of-experts architecture with 30B total parameters and 3B activated during inference. SWE-RM substantially improves SWE agents on both TTS and RL performance. For example, it increases the accuracy of Qwen3-Coder-Flash from 51.6% to 62.0%, and Qwen3-Coder-Max from 67.0% to 74.6% on SWE-Bench Verified using TTS, achieving new state-of-the-art performance among open-source models. On RL training, SWE-RM lifts the resolve rate of execution-based counterparts by 3 absolute points on SWE-Bench Verified.",Poster,"foundation or frontier models, including LLMs","Coding Agent, Reward Model, Test-time Scaling, Reinforcement Learning","2, 4, 6, 6","2, 2, 2, 4","3, 3, 3, 3","3, 2, 3, 3","2, 2, 3, 3",https://openreview.net/pdf?id=H9wMe1G76j,-0.7060815377474274,SWE Agents,high,The paper explicitly develops a reward model to improve software engineering agents on coding benchmarks like SWE-Bench. This aligns directly with the SWE Agents category as the core contribution is enhancing agentic coding performance.,-0.7774661178450474
https://openreview.net/forum?id=E7ZZRnBQU7,Sharing State Between Prompts and Programs,"The rise of large language models (LLMs) has introduced a new type of programs: Natural language programs. By writing prompts directing LLMs to perform natural language processing, code generation, reasoning, etc., LLM users are writing code in natural language for the LLM to execute. 
An emerging trend of active research enables interoperability between natural language and formal languages such as Python.
We present a novel programming abstraction: Shared program state.
Shared program state removes the work of enabling interoperability between natural code---natural language prompts---and the program state from the programmer.
With shared program state, programmers can write natural code that directly write program variables, compute with objects, and implement control flow in the program.
We present a template for designing natural function interfaces to extend system support for natural code.
We specified shared program state as a natural function interface and implemented it as the Nightjar programming system. 
Nightjar enables programmers to write executable Python programs containing natural code using the shared program state abstraction.
Our evaluation shows that  programs with shared program state achieves the same program accuracy as manually written implementations by programmers (66-75%), while decreasing the lines of code by 23.8% to 82.1%.",Poster,"neurosymbolic & hybrid AI systems (physics-informed, logic & formal reasoning, etc.)","natural language programming, large language model, programming languages","2, 4, 6, 8","3, 3, 4, 3","3, 3, 4, 4","2, 3, 3, 3","1, 2, 3, 3",https://openreview.net/pdf?id=E7ZZRnBQU7,-0.7164043507143624,SWE Agents,high,The paper introduces a programming system integrating natural language prompts with Python code to facilitate AI-assisted software engineering and code generation. This aligns with the SWE Agents category as it focuses on tools and abstractions for writing and executing code using LLMs.,-0.7851188980977181
https://openreview.net/forum?id=Sxj4o3qXtl,ATGen: Adversarial Reinforcement Learning for Test Case Generation,"Large Language Models (LLMs) show remarkable code generation capabilities but often produce imperfect code with subtle bugs. A critical bottleneck for improving code quality is the scarcity of high-quality test cases. Existing approaches, primarily based on Supervised Fine-Tuning (SFT) over static datasets, are limited in their ability to discover novel bugs and struggle with the fundamental trade-off between generating error-triggering inputs and maintaining correct expected outputs. To address these limitations, we reframe test case generation as an iterative, adversarial process. We introduce ATGEN (Adversarial Test Generator), a novel framework that trains a test case generator via Reinforcement Learning (RL) in an adversarial loop with an evolving code generator. Instead of learning from a fixed set of bugs, our test generator is dynamically trained to create ""attacking"" I/O pairs for buggy code that is itself being iteratively generated. This process is guided by a reward function that explicitly balances the dual objectives of maximizing the bug detection rate and maintaining high output accuracy. Extensive experiments show that ATGEN dramatically outperforms the state-of-the-art SFT-based approach, UTGen, improving IO Accuracy by nearly 40 absolute points (71.56% vs. 31.83%) and more than doubling the Attack Rate (34.02% vs. 16.24%). The adversarial curriculum is particularly effective for hard-to-detect bugs, achieving an attack rate more than double that of the strongest baseline. Furthermore, tests generated by ATGEN serve as a more effective filter in Best-of-N code generation, significantly closing the gap to the human expert upper bound. Our work establishes a new and more effective paradigm for automated test generation and debugging for LLMs.",Poster,generative models,"Test Case Generation, Reinforcement Learning, Large Language Models, Code Generation","2, 4, 4, 6","2, 3, 3, 3","4, 4, 3, 4","2, 3, 3, 3","2, 2, 3, 3",https://openreview.net/pdf?id=Sxj4o3qXtl,-0.8046926929486491,SWE Agents,high,"The paper focuses on automating software engineering tasks, specifically test case generation and debugging, using an adversarial RL framework. This aligns directly with the SWE Agents category covering research agents that write or debug code.",-0.7886152975168634
https://openreview.net/forum?id=0A4Uf88pog,VERINA: Benchmarking Verifiable Code Generation,"Large language models (LLMs) are increasingly integrated in software development, but ensuring correctness in LLM-generated code remains challenging and often requires costly manual review. Verifiable code generation---jointly generating code, specifications, and proofs of code-specification alignment---offers a promising path to address this limitation and further unleash LLMs' benefits in coding. Yet, there exists a significant gap in evaluation: current benchmarks often focus on only individual components rather than providing a holistic evaluation framework of all tasks. In this paper, we introduce VERINA (Verifiable Code Generation Arena), a high-quality benchmark enabling a comprehensive and modular evaluation of code, specification, and proof generation as well as their compositions. VERINA consists of 189 manually curated coding tasks in Lean, with detailed problem descriptions, reference implementations, formal specifications, and extensive test suites. Our extensive evaluation of state-of-the-art LLMs reveals significant challenges in verifiable code generation, especially in proof generation, underscoring the need for improving LLM-based theorem provers in verification domains.
The best model, OpenAI o3, achieves a 72.6% code correctness rate, 52.3% for specification soundness and completeness, and a mere 4.9% proof success rate (based on one trial per task).
We hope VERINA will catalyze progress in verifiable code generation by providing a rigorous and comprehensive benchmark.",Poster,"neurosymbolic & hybrid AI systems (physics-informed, logic & formal reasoning, etc.)","code generation, formal verification, verifiable code generation, AI for math, theorem proving, AI for code","4, 4, 6","3, 3, 2","3, 4, 4","2, 2, 3","2, 2, 3",https://openreview.net/pdf?id=0A4Uf88pog,-0.8960704471379863,SWE Agents,high,The paper introduces a benchmark for evaluating LLMs on code generation and formal verification tasks within software engineering. This aligns with the SWE Agents category's focus on AI-driven code generation and software development tools.,-0.8092098585257098
https://openreview.net/forum?id=F96nsbbhXC,AutoCode: LLMs as Problem Setters for Competitive Programming,"Writing competitive programming problems is exacting. Authors must: set constraints, input distributions, and edge cases that rule out shortcuts; target specific algorithms (e.g., max-flow, dynamic programming, data structures); and calibrate complexity beyond the reach of most competitors. We argue that this makes for an ideal test of general large language model capabilities and study whether they can do this reliably. We introduce AutoCode, which uses multiple rounds of validation to yield competition-grade problem statements and test cases. On held-out problems, AutoCode test suites approach 99% consistency with official judgments, a significant improvement over current state-of-the-art methods like HardTests, which achieve less than 81%. Furthermore, starting with a random seed problem, AutoCode can create novel variants with reference and brute-force solutions. By cross-verifying these generated solutions against test cases, we can further filter out malformed problems. Our system ensures high correctness, as verified by human experts. AutoCode successfully produces novel problems judged by Grandmaster-level (top 0.3%) competitive programmers to be of contest quality.",Poster,"foundation or frontier models, including LLMs","Large Language Models, Competitive Programming, Test Case Generation, Problem Generation","2, 6, 6","4, 3, 3","4, 3, 3","2, 3, 3","2, 2, 3",https://openreview.net/pdf?id=F96nsbbhXC,-0.826451244798008,SWE Agents,high,"The paper introduces an agentic system designed to generate and validate code artifacts such as problem statements, test cases, and solutions. This aligns directly with the SWE Agents category definition covering research agents that write or debug code.",-0.8753603299703299
https://openreview.net/forum?id=VqjNYF9nbP,Learning to Generate Unit Test via Adversarial Reinforcement Learning,"Unit testing is a core practice in programming, enabling systematic evaluation of programs produced by human developers or large language models (LLMs). Given the challenges in writing comprehensive unit tests, LLMs have been employed to automate unit test generation, yet methods for training LLMs to produce high-quality unit tests remain underexplored. In this work, we propose UTRL, a novel reinforcement learning (RL) framework that trains an LLM to generate high-quality unit test given a programming instruction. Our key idea is to iteratively train two LLMs, the unit test generator and the code generator, in an adversarial manner via RL: (1) the unit test generator is trained to maximize a discrimination reward, encouraging it to produce tests that reveal faults in the code generator’s solutions; and (2) the code generator is trained to maximize a code reward, encouraging it to produce solutions that pass the unit tests generated by the unit test generator. In our experiment, we demonstrate that unit tests generated by Qwen3-4B trained via UTRL show higher quality compared to unit tests generated by the same model trained via supervised fine-tuning on ground-truth unit tests, yielding code evaluations that more closely align with those induced by the ground-truth tests. Moreover, Qwen3-4B trained with UTRL outperforms frontier models like GPT-4.1 and GPT-4o in generating high-quality unit tests, highlighting the effectiveness of UTRL in training LLMs for the unit test generation.",Poster,"foundation or frontier models, including LLMs","Code generation, Reinforcement Learning","2, 4, 6, 6","3, 3, 3, 4","4, 4, 4, 3","3, 2, 3, 3","2, 2, 2, 3",https://openreview.net/pdf?id=VqjNYF9nbP,-0.8144996385551992,SWE Agents,high,"The paper presents a framework for training LLMs to automate unit test generation, a core software engineering task involving code creation and verification. This aligns with the SWE Agents category as it focuses on AI systems designed to write or debug code within a software development context.",-0.9038274910329819
https://openreview.net/forum?id=8iEsrg51Fs,SciNav: A Principled Agent Framework for Scientific Coding Tasks,"Autonomous science agents, built on large language models (LLMs), are increasingly being investigated to generate hypotheses, design experiments, and produce reports. Prior science agents primarily focus on open-ended scientific problems, where such outputs—hypotheses, experiments, or analyses are inherently subjective and thus difficult to evaluate rigorously. In contrast, existing scientific coding benchmarks provide tasks with clearly defined, executable outputs that enable objective assessment. However, current agent-based approaches to these benchmarks remain engineering-driven pipelines, lacking principled framework design. This mismatch exposes a gap: the absence of end-to-end, principled science agent frameworks for scientific coding tasks. We address this gap by focusing on scientific coding tasks, where evaluation can be made rigorously, and introducing an agent framework SciNav (Scientific Navigator) that enables more effective solution exploration. Our framework is designed to operate efficiently under constrained search budgets, moving beyond reliance on pre-defined success metrics and prolonged search cycles. Inspired by findings that comparative judgments often reveal finer-grained quality differences and therefore provide greater discriminative power than absolute scoring, our framework leverages pairwise relative judgments within a tree search process to select top-K promising solution branches, prune low-potential ones, and progressively narrow down the solution candidates on the selected branches guided by relative comparisons. We demonstrate our agent's effectiveness across different types of tasks on two benchmarks. Experiments show that SciNav significantly outperforms direct prompting and prior agents like OpenHands and Self-Debug across different base models, task types, and difficulty levels, and exceeds different frontier comparators such as random selection and LLM absolute scoring. These results confirm the strength of our agent design and highlight the effectiveness of relative judgment–guided top-K search for high-quality scientific coding, marking a step toward more practical science agents.",Poster,"applications to computer vision, audio, language, and other modalities","science agents,  test-time scaling","4, 4, 4, 6, 6","3, 3, 3, 3, 2","3, 4, 3, 3, 3","2, 2, 2, 3, 3","2, 2, 2, 3, 2",https://openreview.net/pdf?id=8iEsrg51Fs,-0.9436500094000015,SWE Agents,high,"The paper introduces an agent framework specifically designed for solving coding tasks, benchmarked against established software engineering agents like OpenHands and Self-Debug. Although applied to scientific domains, the core contribution lies in agentic code generation and search strategies rather than life science discovery.",-1.0322536511628768
https://openreview.net/forum?id=Voiy13SK3r,Helmsman: Autonomous Synthesis of Federated Learning Systems via Collaborative LLM Agents,"Federated Learning (FL) offers a powerful paradigm for training models on decentralized data, but its promise is often undermined by the immense complexity of designing and deploying robust systems. The need to select, combine, and tune strategies for multifaceted challenges like data heterogeneity and system constraints has become a critical bottleneck, resulting in brittle, bespoke solutions. To address this, we introduce Helmsman, a novel LLM-based multi-agent framework that automates the end-to-end synthesis of federated learning systems from high-level user specifications. It emulates a principled research and development workflow through three collaborative phases: (1) interactive human-in-the-loop planning to formulate a sound research plan, (2) modular code generation by supervised generative agent teams, and (3) a closed-loop of autonomous evaluation and refinement in a sandboxed simulation environment. To facilitate rigorous evaluation, we also introduce AgentFL-Bench, a new benchmark comprising 16 diverse tasks designed to assess the system-level generation capabilities of LLM-driven agentic systems in FL. Extensive experiments demonstrate that our approach generates solutions competitive with, and often superior to, established hand-crafted baselines. Our work represents a significant step towards the automated engineering of complex decentralized AI systems. Code is available at: https://github.com/haoyuan-l/Helmsman.",Poster,"foundation or frontier models, including LLMs","Multi-agent System, Federated Learning, LLM-based Agent","2, 2, 6, 6","4, 3, 3, 3","4, 3, 4, 2","1, 2, 3, 3","1, 2, 3, 3",https://openreview.net/pdf?id=Voiy13SK3r,-1.5432822599201073,SWE Agents,high,"The core contribution is an LLM-based multi-agent framework for automated code generation and system synthesis. Although applied to Federated Learning, the primary novelty lies in the agentic software engineering workflow rather than FL infrastructure itself.",-1.4736549129515668
https://openreview.net/forum?id=lKEdGCoDNC,ShinkaEvolve: Towards Open-Ended and Sample-Efficient Program Evolution,"We introduce ShinkaEvolve: a new framework leveraging large language models (LLMs) to advance scientific discovery with state-of-the-art performance and efficiency. The field of LLM-driven scientific discovery has seen significant progress, but has yet to overcome a critical limitation: sample inefficiency, requiring thousands of samples to identify effective solutions. ShinkaEvolve takes a concrete step towards addressing this critical limitation by introducing three key innovations: a parent sampling technique balancing exploration and exploitation, code novelty rejection-sampling for efficient search space exploration, and a bandit-based LLM ensemble selection strategy. When applied to the canonical circle-packing optimization task, ShinkaEvolve discovers a new state-of-the-art circle packing solution using only 150 samples, orders of magnitude fewer than prior frameworks. Furthermore, applied to a broader set of engineering problems, ShinkaEvolve designs robust agentic harnesses for AIME mathematical reasoning tasks, identifies improvements to ALE-Bench competitive programming solutions, and discovers novel mixture-of-expert load balancing loss functions to stabilize LLM training itself. We provide ShinkaEvolve's full code together with this submission, which will be open-sourced to accelerate open advancements to open-ended automated discovery across diverse computational problems.",Poster,"foundation or frontier models, including LLMs","Evolution, LLMs, Scientific discovery","0, 4, 6, 6, 6","1, 2, 3, 4, 3","4, 2, 4, 3, 2","1, 2, 2, 2, 3","1, 2, 2, 3, 3",https://openreview.net/pdf?id=lKEdGCoDNC,-1.6843862643618897,SWE Agents,high,The paper presents an agentic framework for automated program evolution and code generation to solve computational tasks. This aligns directly with the category definition covering research agents that write or debug code.,-1.5291198196478675
